pathway	overlap_size	pathway_size	p-value	overlap_EmpiricalCompounds (id)	overlap_features (id)	overlap_features (name)
Vitamin B9 (folate) metabolism	5	8	0.00151247794303	E155,E130,E550,E480,E332	C00504,C04376,C00217/C05938/C00025/C00302,C05520/C01042/C01045,C00921	Folate$N2-Formyl-N1-(5-phospho-D-ribosyl)glycinamide$D-Glutamate; D-Glutamic acid; D-Glutaminic acid; D-2-Aminoglutaric acid/L-4-Hydroxyglutamate semialdehyde/L-Glutamate/DL-Glutamate; DL-Glutaminic acid; 2-Aminoglutaric acid; Glutamate$2-Amino-3-oxoadipate; 2-Amino-3-oxohexanedioic acid/N-Acetyl-L-aspartate/N-Formyl-L-glutamate$Dihydropteroate; 7,8-Dihydropteroate
Drug metabolism - cytochrome P450	8	18	0.00168053104781	E676,E251,E665,E83,E727,E422,E684,E126	C06868/CE5627,C07030,C16582/C16584,C16609,C16548,C16595/C16587,C07501,C16582/C16584	Carbamazepine/salsoline-1-carboxylate$$2-Hydroxyfelbamate/p-Hydroxyfelbamate$Didemethylcitalopram$N,N-Didesmethyltamoxifen$4-Hydroxy-5-phenyltetrahydro-1,3-oxazin-2-one/3-Carbamoyl-2-phenylpropionaldehyde$Felbamate$2-Hydroxyfelbamate/p-Hydroxyfelbamate
Carnitine shuttle	7	15	0.00235274346694	E639,E508,E489,E170,E359,E52,E692	hdd2crn/hdcecrn,tmndnccrn,dcsptn1crn/clpndcrn,C02990,ttdcrn,odecrn/vacccrn/elaidcrn,hpdcacrn	trans-Hexadec-2-enoyl carnitine/Hexadecenoyl carnitine$Timnodonyl carnitine$docosa-4,7,10,13,16-pentaenoyl carnitine/clupanodonyl carnitine$L-Palmitoylcarnitine$tetradecanoyl carnitine$octadecenoyl carnitine/Vaccenyl carnitine/Elaidic carnitine$heptadecanoyl carnitine
Purine metabolism	16	52	0.0026888496765	E340,E662,E485,E154,E244,E201,E86,E736,E526,E320,E81,E550,E130,E54,E122,E442	C00362/C00020,C00294,C00942,C00147,C00499,C00402/C00049,C00074,C00147,C00385,C01551,C03373,C00217/C05938/C00025/C00302,C04376,C00212/C00330,C05198/C00559,C01620/C00262	dGMP/AMP$Inosine$3',5'-Cyclic GMP$Adenine$Allantoate; Allantoic acid$D-Aspartate/L-Aspartate$Phosphoenolpyruvate$Adenine$Xanthine$Allantoin; 5-Ureidohydantoin; Glyoxyldiureide$5-amino-1-(5-phospho-D-ribosyl)imidazole$D-Glutamate; D-Glutamic acid; D-Glutaminic acid; D-2-Aminoglutaric acid/L-4-Hydroxyglutamate semialdehyde/L-Glutamate/DL-Glutamate; DL-Glutaminic acid; 2-Aminoglutaric acid; Glutamate$N2-Formyl-N1-(5-phospho-D-ribosyl)glycinamide$Adenosine/Deoxyguanosine$5'-Deoxyadenosine/Deoxyadenosine$/Hypoxanthine
Sialic acid metabolism	10	28	0.00386522140997	E593,E780,E680,E582,E746,E86,E726,E706,E139,E189	C05674,C05401,C00795/C00221/C00095/C00267/C00031/C00137/C00738/C00962/C00247/C01582/C00984/C00936/C00159/C02336/C00293/C00124,C00795/C13747/C00221/C00095/C00267/C07480/C00031/C00137/C00738/C00962/CE5541/C00247/C01582/C00984/C00936/C00159/C02336/C00293/C00124,C05796/C00718,C00074,C00645/C01074/C00140/C01132,C04501/C04256/C04257/C00357/C06376,C00645/C01074/C00140/C01132,C00128	CMP-N-trimethyl-2-aminoethylphosphonate; CMP-2-trimethylaminoethylphosphonate$3-beta-D-Galactosyl-sn-glycerol; Galactosylglycerol$D-Tagatose; lyxo-Hexulose/beta-D-Glucose/D-Fructose/alpha-D-Glucose/D-Glucose/myo-Inositol/D-Hexose/beta-D-Galactose/L-Sorbose; L-xylo-Hexulose/Galactose/alpha-D-Galactose//D-Mannose/beta-D-Fructose; beta-Fruit sugar; beta-D-arabino-Hexulose; beta-Levulose; Fructose/Glucose/D-Galactose$D-Tagatose; lyxo-Hexulose/1,7-Dimethylxanthine; Paraxanthine/beta-D-Glucose/D-Fructose/alpha-D-Glucose//D-Glucose/myo-Inositol/D-Hexose/beta-D-Galactose/adrenochrome o-semiquinone/L-Sorbose; L-xylo-Hexulose/Galactose/alpha-D-Galactose//D-Mannose/beta-D-Fructose; beta-Fruit sugar; beta-D-arabino-Hexulose; beta-Levulose; Fructose/Glucose/D-Galactose$Galactan/Amylose; Amylose chain; (1,4-alpha-D-Glucosyl)n; (1,4-alpha-D-Glucosyl)n+1; (1,4-alpha-D-Glucosyl)n-1; 4-{(1,4)-alpha-D-Glucosyl}(n-1)-D-glucose; 1,4-alpha-D-Glucan$Phosphoenolpyruvate$N-Acetyl-D-mannosamine; 2-Acetamido-2-deoxy-D-mannose/N-Acetylgalactosamine; N-Acetylchondrosamine; 2-Acetamido-2-deoxygalactose; GalNAc/N-Acetyl-D-glucosamine/N-Acetyl-D-galactosamine$N-Acetyl-D-glucosamine 1-phosphate/N-Acetyl-D-glucosamine 1-phosphate/N-Acetyl-D-mannosamine 6-phosphate; N-Acetylmannosamine 6-phosphate/N-Acetyl-D-glucosamine 6-phosphate/N-Acetyl-D-galactosamine 6-phosphate$N-Acetyl-D-mannosamine; 2-Acetamido-2-deoxy-D-mannose/N-Acetylgalactosamine; N-Acetylchondrosamine; 2-Acetamido-2-deoxygalactose; GalNAc/N-Acetyl-D-glucosamine/N-Acetyl-D-galactosamine$CMP-N-acetylneuraminate
Ascorbate (Vitamin C) and Aldarate Metabolism	6	14	0.00789849592471	E290,E788,E8,E493,E17,E442	C00051,C00051,C02225/C04593/C00725,C00127,C00127,C01620/C00262	Reduced glutathione$Reduced glutathione$2-Methylcitrate; 2-Hydroxybutane-1,2,3-tricarboxylate; (2R,3S)-2-Hydroxybutane-1,2,3-tricarboxylate/(2S,3R)-3-Hydroxybutane-1,2,3-tricarboxylate; Methylisocitrate; Methylisocitric acid/Lipoate; Lipoic acid; alpha-Lipoic acid; Thioctic acid$Oxidized glutathione$Oxidized glutathione$/Hypoxanthine
Galactose metabolism	8	22	0.00857070834384	E610,E746,E780,E680,E582,E726,E474,E139	C01613/C02052,C05796/C00718,C05401,C00795/C00221/C00095/C00267/C00031/C00137/C00738/C00962/C00247/C01582/C00984/C00936/C00159/C02336/C00293/C00124,C00795/C13747/C00221/C00095/C00267/C07480/C00031/C00137/C00738/C00962/CE5541/C00247/C01582/C00984/C00936/C00159/C02336/C00293/C00124,C00645/C01074/C00140/C01132,C00184/C00256/C00186/C01013/C00577,C00645/C01074/C00140/C01132	Stachyose/Maltotetraose$Galactan/Amylose; Amylose chain; (1,4-alpha-D-Glucosyl)n; (1,4-alpha-D-Glucosyl)n+1; (1,4-alpha-D-Glucosyl)n-1; 4-{(1,4)-alpha-D-Glucosyl}(n-1)-D-glucose; 1,4-alpha-D-Glucan$3-beta-D-Galactosyl-sn-glycerol; Galactosylglycerol$D-Tagatose; lyxo-Hexulose/beta-D-Glucose/D-Fructose/alpha-D-Glucose/D-Glucose/myo-Inositol/D-Hexose/beta-D-Galactose/L-Sorbose; L-xylo-Hexulose/Galactose/alpha-D-Galactose//D-Mannose/beta-D-Fructose; beta-Fruit sugar; beta-D-arabino-Hexulose; beta-Levulose; Fructose/Glucose/D-Galactose$D-Tagatose; lyxo-Hexulose/1,7-Dimethylxanthine; Paraxanthine/beta-D-Glucose/D-Fructose/alpha-D-Glucose//D-Glucose/myo-Inositol/D-Hexose/beta-D-Galactose/adrenochrome o-semiquinone/L-Sorbose; L-xylo-Hexulose/Galactose/alpha-D-Galactose//D-Mannose/beta-D-Fructose; beta-Fruit sugar; beta-D-arabino-Hexulose; beta-Levulose; Fructose/Glucose/D-Galactose$N-Acetyl-D-mannosamine; 2-Acetamido-2-deoxy-D-mannose/N-Acetylgalactosamine; N-Acetylchondrosamine; 2-Acetamido-2-deoxygalactose; GalNAc/N-Acetyl-D-glucosamine/N-Acetyl-D-galactosamine$Dihydroxyacetone/D-Lactate/L-Lactate/3-Hydroxypropanoate; 3-Hydroxypropanoic acid; 3-Hydroxypropionate; 3-Hydroxypropionic acid; Hydracrylic acid/D-Glyceraldehyde$N-Acetyl-D-mannosamine; 2-Acetamido-2-deoxy-D-mannose/N-Acetylgalactosamine; N-Acetylchondrosamine; 2-Acetamido-2-deoxygalactose; GalNAc/N-Acetyl-D-glucosamine/N-Acetyl-D-galactosamine
Glycosphingolipid biosynthesis - globoseries	5	11	0.00991513318209	E189,E582,E680,E139,E726	C00128,C00795/C13747/C00221/C00095/C00267/C07480/C00031/C00137/C00738/C00962/CE5541/C00247/C01582/C00984/C00936/C00159/C02336/C00293/C00124,C00795/C00221/C00095/C00267/C00031/C00137/C00738/C00962/C00247/C01582/C00984/C00936/C00159/C02336/C00293/C00124,C00645/C01074/C00140/C01132,C00645/C01074/C00140/C01132	CMP-N-acetylneuraminate$D-Tagatose; lyxo-Hexulose/1,7-Dimethylxanthine; Paraxanthine/beta-D-Glucose/D-Fructose/alpha-D-Glucose//D-Glucose/myo-Inositol/D-Hexose/beta-D-Galactose/adrenochrome o-semiquinone/L-Sorbose; L-xylo-Hexulose/Galactose/alpha-D-Galactose//D-Mannose/beta-D-Fructose; beta-Fruit sugar; beta-D-arabino-Hexulose; beta-Levulose; Fructose/Glucose/D-Galactose$D-Tagatose; lyxo-Hexulose/beta-D-Glucose/D-Fructose/alpha-D-Glucose/D-Glucose/myo-Inositol/D-Hexose/beta-D-Galactose/L-Sorbose; L-xylo-Hexulose/Galactose/alpha-D-Galactose//D-Mannose/beta-D-Fructose; beta-Fruit sugar; beta-D-arabino-Hexulose; beta-Levulose; Fructose/Glucose/D-Galactose$N-Acetyl-D-mannosamine; 2-Acetamido-2-deoxy-D-mannose/N-Acetylgalactosamine; N-Acetylchondrosamine; 2-Acetamido-2-deoxygalactose; GalNAc/N-Acetyl-D-glucosamine/N-Acetyl-D-galactosamine$N-Acetyl-D-mannosamine; 2-Acetamido-2-deoxy-D-mannose/N-Acetylgalactosamine; N-Acetylchondrosamine; 2-Acetamido-2-deoxygalactose; GalNAc/N-Acetyl-D-glucosamine/N-Acetyl-D-galactosamine
Tryptophan metabolism	15	55	0.0113435845727	E290,E340,E788,E41,E680,E731,E582,E563,E37,E679,E386,E600,E550,E109,E462	C00051,C00362/C00020,C00051,C03824,C00795/C00221/C00095/C00267/C00031/C00137/C00738/C00962/C00247/C01582/C00984/C00936/C00159/C02336/C00293/C00124,C05648,C00795/C13747/C00221/C00095/C00267/C07480/C00031/C00137/C00738/C00962/CE5541/C00247/C01582/C00984/C00936/C00159/C02336/C00293/C00124,C05634/C00954,C00643,C03824,C02220,C05634/C00954,C00217/C05938/C00025/C00302,C00398,C00780	Reduced glutathione$dGMP/AMP$Reduced glutathione$2-Aminomuconate 6-semialdehyde$D-Tagatose; lyxo-Hexulose/beta-D-Glucose/D-Fructose/alpha-D-Glucose/D-Glucose/myo-Inositol/D-Hexose/beta-D-Galactose/L-Sorbose; L-xylo-Hexulose/Galactose/alpha-D-Galactose//D-Mannose/beta-D-Fructose; beta-Fruit sugar; beta-D-arabino-Hexulose; beta-Levulose; Fructose/Glucose/D-Galactose$5-Hydroxy-N-formylkynurenine; 5-Hydroxy-N-formyl-L-kynurenine$D-Tagatose; lyxo-Hexulose/1,7-Dimethylxanthine; Paraxanthine/beta-D-Glucose/D-Fructose/alpha-D-Glucose//D-Glucose/myo-Inositol/D-Hexose/beta-D-Galactose/adrenochrome o-semiquinone/L-Sorbose; L-xylo-Hexulose/Galactose/alpha-D-Galactose//D-Mannose/beta-D-Fructose; beta-Fruit sugar; beta-D-arabino-Hexulose; beta-Levulose; Fructose/Glucose/D-Galactose$5-Hydroxyindoleacetaldehyde/Indole-3-acetate$5-Hydroxy-L-tryptophan$2-Aminomuconate 6-semialdehyde$2-Aminomuconate$5-Hydroxyindoleacetaldehyde/Indole-3-acetate$D-Glutamate; D-Glutamic acid; D-Glutaminic acid; D-2-Aminoglutaric acid/L-4-Hydroxyglutamate semialdehyde/L-Glutamate/DL-Glutamate; DL-Glutaminic acid; 2-Aminoglutaric acid; Glutamate$Tryptamine$Serotonin
Heparan sulfate degradation	4	8	0.012267876649	E680,E582,E139,E726	C00795/C00221/C00095/C00267/C00031/C00137/C00738/C00962/C00247/C01582/C00984/C00936/C00159/C02336/C00293/C00124,C00795/C13747/C00221/C00095/C00267/C07480/C00031/C00137/C00738/C00962/CE5541/C00247/C01582/C00984/C00936/C00159/C02336/C00293/C00124,C00645/C01074/C00140/C01132,C00645/C01074/C00140/C01132	D-Tagatose; lyxo-Hexulose/beta-D-Glucose/D-Fructose/alpha-D-Glucose/D-Glucose/myo-Inositol/D-Hexose/beta-D-Galactose/L-Sorbose; L-xylo-Hexulose/Galactose/alpha-D-Galactose//D-Mannose/beta-D-Fructose; beta-Fruit sugar; beta-D-arabino-Hexulose; beta-Levulose; Fructose/Glucose/D-Galactose$D-Tagatose; lyxo-Hexulose/1,7-Dimethylxanthine; Paraxanthine/beta-D-Glucose/D-Fructose/alpha-D-Glucose//D-Glucose/myo-Inositol/D-Hexose/beta-D-Galactose/adrenochrome o-semiquinone/L-Sorbose; L-xylo-Hexulose/Galactose/alpha-D-Galactose//D-Mannose/beta-D-Fructose; beta-Fruit sugar; beta-D-arabino-Hexulose; beta-Levulose; Fructose/Glucose/D-Galactose$N-Acetyl-D-mannosamine; 2-Acetamido-2-deoxy-D-mannose/N-Acetylgalactosamine; N-Acetylchondrosamine; 2-Acetamido-2-deoxygalactose; GalNAc/N-Acetyl-D-glucosamine/N-Acetyl-D-galactosamine$N-Acetyl-D-mannosamine; 2-Acetamido-2-deoxy-D-mannose/N-Acetylgalactosamine; N-Acetylchondrosamine; 2-Acetamido-2-deoxygalactose; GalNAc/N-Acetyl-D-glucosamine/N-Acetyl-D-galactosamine
Chondroitin sulfate degradation	4	8	0.012267876649	E680,E582,E139,E726	C00795/C00221/C00095/C00267/C00031/C00137/C00738/C00962/C00247/C01582/C00984/C00936/C00159/C02336/C00293/C00124,C00795/C13747/C00221/C00095/C00267/C07480/C00031/C00137/C00738/C00962/CE5541/C00247/C01582/C00984/C00936/C00159/C02336/C00293/C00124,C00645/C01074/C00140/C01132,C00645/C01074/C00140/C01132	D-Tagatose; lyxo-Hexulose/beta-D-Glucose/D-Fructose/alpha-D-Glucose/D-Glucose/myo-Inositol/D-Hexose/beta-D-Galactose/L-Sorbose; L-xylo-Hexulose/Galactose/alpha-D-Galactose//D-Mannose/beta-D-Fructose; beta-Fruit sugar; beta-D-arabino-Hexulose; beta-Levulose; Fructose/Glucose/D-Galactose$D-Tagatose; lyxo-Hexulose/1,7-Dimethylxanthine; Paraxanthine/beta-D-Glucose/D-Fructose/alpha-D-Glucose//D-Glucose/myo-Inositol/D-Hexose/beta-D-Galactose/adrenochrome o-semiquinone/L-Sorbose; L-xylo-Hexulose/Galactose/alpha-D-Galactose//D-Mannose/beta-D-Fructose; beta-Fruit sugar; beta-D-arabino-Hexulose; beta-Levulose; Fructose/Glucose/D-Galactose$N-Acetyl-D-mannosamine; 2-Acetamido-2-deoxy-D-mannose/N-Acetylgalactosamine; N-Acetylchondrosamine; 2-Acetamido-2-deoxygalactose; GalNAc/N-Acetyl-D-glucosamine/N-Acetyl-D-galactosamine$N-Acetyl-D-mannosamine; 2-Acetamido-2-deoxy-D-mannose/N-Acetylgalactosamine; N-Acetylchondrosamine; 2-Acetamido-2-deoxygalactose; GalNAc/N-Acetyl-D-glucosamine/N-Acetyl-D-galactosamine
Aminosugars metabolism	9	28	0.0125199563062	E744,E593,E189,E86,E726,E706,E139,E550,E708	C12214/C00352/C06377,C05674,C00128,C00074,C00645/C01074/C00140/C01132,C04501/C04256/C04257/C00357/C06376,C00645/C01074/C00140/C01132,C00217/C05938/C00025/C00302,C12214/C00352/C06377	Aminofructose 6-phosphate; Amino-D-fructose 6-phosphate/D-Glucosamine 6-phosphate/D-Galactosamine 6-phosphate$CMP-N-trimethyl-2-aminoethylphosphonate; CMP-2-trimethylaminoethylphosphonate$CMP-N-acetylneuraminate$Phosphoenolpyruvate$N-Acetyl-D-mannosamine; 2-Acetamido-2-deoxy-D-mannose/N-Acetylgalactosamine; N-Acetylchondrosamine; 2-Acetamido-2-deoxygalactose; GalNAc/N-Acetyl-D-glucosamine/N-Acetyl-D-galactosamine$N-Acetyl-D-glucosamine 1-phosphate/N-Acetyl-D-glucosamine 1-phosphate/N-Acetyl-D-mannosamine 6-phosphate; N-Acetylmannosamine 6-phosphate/N-Acetyl-D-glucosamine 6-phosphate/N-Acetyl-D-galactosamine 6-phosphate$N-Acetyl-D-mannosamine; 2-Acetamido-2-deoxy-D-mannose/N-Acetylgalactosamine; N-Acetylchondrosamine; 2-Acetamido-2-deoxygalactose; GalNAc/N-Acetyl-D-glucosamine/N-Acetyl-D-galactosamine$D-Glutamate; D-Glutamic acid; D-Glutaminic acid; D-2-Aminoglutaric acid/L-4-Hydroxyglutamate semialdehyde/L-Glutamate/DL-Glutamate; DL-Glutaminic acid; 2-Aminoglutaric acid; Glutamate$Aminofructose 6-phosphate; Amino-D-fructose 6-phosphate/D-Glucosamine 6-phosphate/D-Galactosamine 6-phosphate
Glycosphingolipid biosynthesis - ganglioseries	5	12	0.0141164608016	E680,E582,E189,E139,E726	C00795/C00221/C00095/C00267/C00031/C00137/C00738/C00962/C00247/C01582/C00984/C00936/C00159/C02336/C00293/C00124,C00795/C13747/C00221/C00095/C00267/C07480/C00031/C00137/C00738/C00962/CE5541/C00247/C01582/C00984/C00936/C00159/C02336/C00293/C00124,C00128,C00645/C01074/C00140/C01132,C00645/C01074/C00140/C01132	D-Tagatose; lyxo-Hexulose/beta-D-Glucose/D-Fructose/alpha-D-Glucose/D-Glucose/myo-Inositol/D-Hexose/beta-D-Galactose/L-Sorbose; L-xylo-Hexulose/Galactose/alpha-D-Galactose//D-Mannose/beta-D-Fructose; beta-Fruit sugar; beta-D-arabino-Hexulose; beta-Levulose; Fructose/Glucose/D-Galactose$D-Tagatose; lyxo-Hexulose/1,7-Dimethylxanthine; Paraxanthine/beta-D-Glucose/D-Fructose/alpha-D-Glucose//D-Glucose/myo-Inositol/D-Hexose/beta-D-Galactose/adrenochrome o-semiquinone/L-Sorbose; L-xylo-Hexulose/Galactose/alpha-D-Galactose//D-Mannose/beta-D-Fructose; beta-Fruit sugar; beta-D-arabino-Hexulose; beta-Levulose; Fructose/Glucose/D-Galactose$CMP-N-acetylneuraminate$N-Acetyl-D-mannosamine; 2-Acetamido-2-deoxy-D-mannose/N-Acetylgalactosamine; N-Acetylchondrosamine; 2-Acetamido-2-deoxygalactose; GalNAc/N-Acetyl-D-glucosamine/N-Acetyl-D-galactosamine$N-Acetyl-D-mannosamine; 2-Acetamido-2-deoxy-D-mannose/N-Acetylgalactosamine; N-Acetylchondrosamine; 2-Acetamido-2-deoxygalactose; GalNAc/N-Acetyl-D-glucosamine/N-Acetyl-D-galactosamine
Glutathione Metabolism	6	17	0.0222670363835	E290,E788,E373,E493,E550,E17	C00051,C00051,C03740,C00127,C00217/C05938/C00025/C00302,C00127	Reduced glutathione$Reduced glutathione$5-L-Glutamyl-L-alanine$Oxidized glutathione$D-Glutamate; D-Glutamic acid; D-Glutaminic acid; D-2-Aminoglutaric acid/L-4-Hydroxyglutamate semialdehyde/L-Glutamate/DL-Glutamate; DL-Glutaminic acid; 2-Aminoglutaric acid; Glutamate$Oxidized glutathione
Hexose phosphorylation	5	13	0.0225191160407	E708,E744,E582,E107,E680	C12214/C00352/C06377,C12214/C00352/C06377,C00795/C13747/C00221/C00095/C00267/C07480/C00031/C00137/C00738/C00962/CE5541/C00247/C01582/C00984/C00936/C00159/C02336/C00293/C00124,C05839,C00795/C00221/C00095/C00267/C00031/C00137/C00738/C00962/C00247/C01582/C00984/C00936/C00159/C02336/C00293/C00124	Aminofructose 6-phosphate; Amino-D-fructose 6-phosphate/D-Glucosamine 6-phosphate/D-Galactosamine 6-phosphate$Aminofructose 6-phosphate; Amino-D-fructose 6-phosphate/D-Glucosamine 6-phosphate/D-Galactosamine 6-phosphate$D-Tagatose; lyxo-Hexulose/1,7-Dimethylxanthine; Paraxanthine/beta-D-Glucose/D-Fructose/alpha-D-Glucose//D-Glucose/myo-Inositol/D-Hexose/beta-D-Galactose/adrenochrome o-semiquinone/L-Sorbose; L-xylo-Hexulose/Galactose/alpha-D-Galactose//D-Mannose/beta-D-Fructose; beta-Fruit sugar; beta-D-arabino-Hexulose; beta-Levulose; Fructose/Glucose/D-Galactose$cis-beta-D-Glucosyl-2-hydroxycinnamate; beta-D-Glucosyl-2-coumarinate$D-Tagatose; lyxo-Hexulose/beta-D-Glucose/D-Fructose/alpha-D-Glucose/D-Glucose/myo-Inositol/D-Hexose/beta-D-Galactose/L-Sorbose; L-xylo-Hexulose/Galactose/alpha-D-Galactose//D-Mannose/beta-D-Fructose; beta-Fruit sugar; beta-D-arabino-Hexulose; beta-Levulose; Fructose/Glucose/D-Galactose
Glycosphingolipid metabolism	8	26	0.0240315939837	E371,E84,E680,E204,E582,E726,E139,E189	C00836,C00319/C02934,C00795/C00221/C00095/C00267/C00031/C00137/C00738/C00962/C00247/C01582/C00984/C00936/C00159/C02336/C00293/C00124,C12144,C00795/C13747/C00221/C00095/C00267/C07480/C00031/C00137/C00738/C00962/CE5541/C00247/C01582/C00984/C00936/C00159/C02336/C00293/C00124,C00645/C01074/C00140/C01132,C00645/C01074/C00140/C01132,C00128	Sphinganine$Sphingosine/3-Dehydrosphinganine$D-Tagatose; lyxo-Hexulose/beta-D-Glucose/D-Fructose/alpha-D-Glucose/D-Glucose/myo-Inositol/D-Hexose/beta-D-Galactose/L-Sorbose; L-xylo-Hexulose/Galactose/alpha-D-Galactose//D-Mannose/beta-D-Fructose; beta-Fruit sugar; beta-D-arabino-Hexulose; beta-Levulose; Fructose/Glucose/D-Galactose$Phytosphingosine; 4-D-Hydroxysphinganine$D-Tagatose; lyxo-Hexulose/1,7-Dimethylxanthine; Paraxanthine/beta-D-Glucose/D-Fructose/alpha-D-Glucose//D-Glucose/myo-Inositol/D-Hexose/beta-D-Galactose/adrenochrome o-semiquinone/L-Sorbose; L-xylo-Hexulose/Galactose/alpha-D-Galactose//D-Mannose/beta-D-Fructose; beta-Fruit sugar; beta-D-arabino-Hexulose; beta-Levulose; Fructose/Glucose/D-Galactose$N-Acetyl-D-mannosamine; 2-Acetamido-2-deoxy-D-mannose/N-Acetylgalactosamine; N-Acetylchondrosamine; 2-Acetamido-2-deoxygalactose; GalNAc/N-Acetyl-D-glucosamine/N-Acetyl-D-galactosamine$N-Acetyl-D-mannosamine; 2-Acetamido-2-deoxy-D-mannose/N-Acetylgalactosamine; N-Acetylchondrosamine; 2-Acetamido-2-deoxygalactose; GalNAc/N-Acetyl-D-glucosamine/N-Acetyl-D-galactosamine$CMP-N-acetylneuraminate
Vitamin B3 (nicotinate and nicotinamide) metabolism	8	27	0.0301655323082	E340,E238,E689,E201,E550,E552,E415,E461	C00362/C00020,C05841,C01185,C00402/C00049,C00217/C05938/C00025/C00302,C02918/1mncam,C03150,C00792/C00062	dGMP/AMP$Nicotinate D-ribonucleoside$Nicotinate D-ribonucleotide$D-Aspartate/L-Aspartate$D-Glutamate; D-Glutamic acid; D-Glutaminic acid; D-2-Aminoglutaric acid/L-4-Hydroxyglutamate semialdehyde/L-Glutamate/DL-Glutamate; DL-Glutaminic acid; 2-Aminoglutaric acid; Glutamate$1-Methylnicotinamide/1-Methylnicotinamide$N-Ribosylnicotinamide$D-Arginine; D-2-Amino-5-guanidinovaleric acid/L-Arginine
Methionine and cysteine metabolism	14	58	0.0413410637762	E290,E340,E225,E788,E121,E36,E99,E493,E218,E68,E550,E17,E561,E54	C00051,C00362/C00020,C00542/C02291,C00051,C00170,CE1310,C02712,C00127,C00542/C02291,C05844,C00217/C05938/C00025/C00302,C00127,C00491,C00212/C00330	Reduced glutathione$dGMP/AMP$Cystathionine/L-Cystathionine$Reduced glutathione$5-Methylthioadenosine$N-acetyl-L-cysteine$N-Acetylmethionine$Oxidized glutathione$Cystathionine/L-Cystathionine$5-L-Glutamyl-taurine$D-Glutamate; D-Glutamic acid; D-Glutaminic acid; D-2-Aminoglutaric acid/L-4-Hydroxyglutamate semialdehyde/L-Glutamate/DL-Glutamate; DL-Glutaminic acid; 2-Aminoglutaric acid; Glutamate$Oxidized glutathione$L-Cystine; L-Dicysteine; L-alpha-Diamino-beta-dithiolactic acid$Adenosine/Deoxyguanosine
Vitamin E metabolism	3	7	0.0467187631291	E166,E340,E309	CE7072,C00362/C00020,CE5856	13'-carboxy-gama-tocotrienol$dGMP/AMP$9'-carboxy-alpha-chromanol
Pyruvate Metabolism	3	7	0.0467187631291	E290,E474,E788	C00051,C00184/C00256/C00186/C01013/C00577,C00051	Reduced glutathione$Dihydroxyacetone/D-Lactate/L-Lactate/3-Hydroxypropanoate; 3-Hydroxypropanoic acid; 3-Hydroxypropionate; 3-Hydroxypropionic acid; Hydracrylic acid/D-Glyceraldehyde$Reduced glutathione
Pentose phosphate pathway	6	20	0.0489874800437	E744,E340,E680,E582,E708,E310	C12214/C00352/C06377,C00362/C00020,C00795/C00221/C00095/C00267/C00031/C00137/C00738/C00962/C00247/C01582/C00984/C00936/C00159/C02336/C00293/C00124,C00795/C13747/C00221/C00095/C00267/C07480/C00031/C00137/C00738/C00962/CE5541/C00247/C01582/C00984/C00936/C00159/C02336/C00293/C00124,C12214/C00352/C06377,CE0520/C05649/C01801	Aminofructose 6-phosphate; Amino-D-fructose 6-phosphate/D-Glucosamine 6-phosphate/D-Galactosamine 6-phosphate$dGMP/AMP$D-Tagatose; lyxo-Hexulose/beta-D-Glucose/D-Fructose/alpha-D-Glucose/D-Glucose/myo-Inositol/D-Hexose/beta-D-Galactose/L-Sorbose; L-xylo-Hexulose/Galactose/alpha-D-Galactose//D-Mannose/beta-D-Fructose; beta-Fruit sugar; beta-D-arabino-Hexulose; beta-Levulose; Fructose/Glucose/D-Galactose$D-Tagatose; lyxo-Hexulose/1,7-Dimethylxanthine; Paraxanthine/beta-D-Glucose/D-Fructose/alpha-D-Glucose//D-Glucose/myo-Inositol/D-Hexose/beta-D-Galactose/adrenochrome o-semiquinone/L-Sorbose; L-xylo-Hexulose/Galactose/alpha-D-Galactose//D-Mannose/beta-D-Fructose; beta-Fruit sugar; beta-D-arabino-Hexulose; beta-Levulose; Fructose/Glucose/D-Galactose$Aminofructose 6-phosphate; Amino-D-fructose 6-phosphate/D-Glucosamine 6-phosphate/D-Galactosamine 6-phosphate$(R)-glycerol 1-acetate/Dihydropteridine; 6,7-Dihydropteridine/Deoxyribose
Alanine and Aspartate Metabolism	6	21	0.0622636753214	E340,E480,E196,E201,E550,E461	C00362/C00020,C05520/C01042/C01045,C00327,C00402/C00049,C00217/C05938/C00025/C00302,C00792/C00062	dGMP/AMP$2-Amino-3-oxoadipate; 2-Amino-3-oxohexanedioic acid/N-Acetyl-L-aspartate/N-Formyl-L-glutamate$L-Citrulline; 2-Amino-5-ureidovaleric acid; Citrulline$D-Aspartate/L-Aspartate$D-Glutamate; D-Glutamic acid; D-Glutaminic acid; D-2-Aminoglutaric acid/L-4-Hydroxyglutamate semialdehyde/L-Glutamate/DL-Glutamate; DL-Glutaminic acid; 2-Aminoglutaric acid; Glutamate$D-Arginine; D-2-Amino-5-guanidinovaleric acid/L-Arginine
Arachidonic acid metabolism	6	21	0.0622636753214	E290,E340,E788,E493,E550,E17	C00051,C00362/C00020,C00051,C00127,C00217/C05938/C00025/C00302,C00127	Reduced glutathione$dGMP/AMP$Reduced glutathione$Oxidized glutathione$D-Glutamate; D-Glutamic acid; D-Glutaminic acid; D-2-Aminoglutaric acid/L-4-Hydroxyglutamate semialdehyde/L-Glutamate/DL-Glutamate; DL-Glutaminic acid; 2-Aminoglutaric acid; Glutamate$Oxidized glutathione
N-Glycan Degradation	4	12	0.0647844718931	E680,E582,E139,E726	C00795/C00221/C00095/C00267/C00031/C00137/C00738/C00962/C00247/C01582/C00984/C00936/C00159/C02336/C00293/C00124,C00795/C13747/C00221/C00095/C00267/C07480/C00031/C00137/C00738/C00962/CE5541/C00247/C01582/C00984/C00936/C00159/C02336/C00293/C00124,C00645/C01074/C00140/C01132,C00645/C01074/C00140/C01132	D-Tagatose; lyxo-Hexulose/beta-D-Glucose/D-Fructose/alpha-D-Glucose/D-Glucose/myo-Inositol/D-Hexose/beta-D-Galactose/L-Sorbose; L-xylo-Hexulose/Galactose/alpha-D-Galactose//D-Mannose/beta-D-Fructose; beta-Fruit sugar; beta-D-arabino-Hexulose; beta-Levulose; Fructose/Glucose/D-Galactose$D-Tagatose; lyxo-Hexulose/1,7-Dimethylxanthine; Paraxanthine/beta-D-Glucose/D-Fructose/alpha-D-Glucose//D-Glucose/myo-Inositol/D-Hexose/beta-D-Galactose/adrenochrome o-semiquinone/L-Sorbose; L-xylo-Hexulose/Galactose/alpha-D-Galactose//D-Mannose/beta-D-Fructose; beta-Fruit sugar; beta-D-arabino-Hexulose; beta-Levulose; Fructose/Glucose/D-Galactose$N-Acetyl-D-mannosamine; 2-Acetamido-2-deoxy-D-mannose/N-Acetylgalactosamine; N-Acetylchondrosamine; 2-Acetamido-2-deoxygalactose; GalNAc/N-Acetyl-D-glucosamine/N-Acetyl-D-galactosamine$N-Acetyl-D-mannosamine; 2-Acetamido-2-deoxy-D-mannose/N-Acetylgalactosamine; N-Acetylchondrosamine; 2-Acetamido-2-deoxygalactose; GalNAc/N-Acetyl-D-glucosamine/N-Acetyl-D-galactosamine
Glycerophospholipid metabolism	12	51	0.0650365515503	E593,E371,E399,E84,E680,E582,E149,E778,E780,E474,E310,E751	C05674,C00836,,C00319/C02934,C00795/C00221/C00095/C00267/C00031/C00137/C00738/C00962/C00247/C01582/C00984/C00936/C00159/C02336/C00293/C00124,C00795/C13747/C00221/C00095/C00267/C07480/C00031/C00137/C00738/C00962/CE5541/C00247/C01582/C00984/C00936/C00159/C02336/C00293/C00124,,,C05401,C00184/C00256/C00186/C01013/C00577,CE0520/C05649/C01801,	CMP-N-trimethyl-2-aminoethylphosphonate; CMP-2-trimethylaminoethylphosphonate$Sphinganine$$Sphingosine/3-Dehydrosphinganine$D-Tagatose; lyxo-Hexulose/beta-D-Glucose/D-Fructose/alpha-D-Glucose/D-Glucose/myo-Inositol/D-Hexose/beta-D-Galactose/L-Sorbose; L-xylo-Hexulose/Galactose/alpha-D-Galactose//D-Mannose/beta-D-Fructose; beta-Fruit sugar; beta-D-arabino-Hexulose; beta-Levulose; Fructose/Glucose/D-Galactose$D-Tagatose; lyxo-Hexulose/1,7-Dimethylxanthine; Paraxanthine/beta-D-Glucose/D-Fructose/alpha-D-Glucose//D-Glucose/myo-Inositol/D-Hexose/beta-D-Galactose/adrenochrome o-semiquinone/L-Sorbose; L-xylo-Hexulose/Galactose/alpha-D-Galactose//D-Mannose/beta-D-Fructose; beta-Fruit sugar; beta-D-arabino-Hexulose; beta-Levulose; Fructose/Glucose/D-Galactose$$$3-beta-D-Galactosyl-sn-glycerol; Galactosylglycerol$Dihydroxyacetone/D-Lactate/L-Lactate/3-Hydroxypropanoate; 3-Hydroxypropanoic acid; 3-Hydroxypropionate; 3-Hydroxypropionic acid; Hydracrylic acid/D-Glyceraldehyde$(R)-glycerol 1-acetate/Dihydropteridine; 6,7-Dihydropteridine/Deoxyribose$
Vitamin B2 (riboflavin) metabolism	2	4	0.069489958827	E340,E738	C00362/C00020,	dGMP/AMP$
Omega-6 fatty acid metabolism	2	4	0.069489958827	E396,E340	tetpent6/tetpent3/CE4839,C00362/C00020	tetracosapentaenoic acid, n-6/tetracosapentaenoic acid, n-3/6,9,12,15,18-all-cis-tetracosapentaenoate$dGMP/AMP
Propanoate metabolism	3	8	0.0704142509033	E8,E340,E474	C02225/C04593/C00725,C00362/C00020,C00184/C00256/C00186/C01013/C00577	2-Methylcitrate; 2-Hydroxybutane-1,2,3-tricarboxylate; (2R,3S)-2-Hydroxybutane-1,2,3-tricarboxylate/(2S,3R)-3-Hydroxybutane-1,2,3-tricarboxylate; Methylisocitrate; Methylisocitric acid/Lipoate; Lipoic acid; alpha-Lipoic acid; Thioctic acid$dGMP/AMP$Dihydroxyacetone/D-Lactate/L-Lactate/3-Hydroxypropanoate; 3-Hydroxypropanoic acid; 3-Hydroxypropionate; 3-Hydroxypropionic acid; Hydracrylic acid/D-Glyceraldehyde
Putative anti-Inflammatory metabolites formation from EPA	3	8	0.0704142509033	E290,E550,E788	C00051,C00217/C05938/C00025/C00302,C00051	Reduced glutathione$D-Glutamate; D-Glutamic acid; D-Glutaminic acid; D-2-Aminoglutaric acid/L-4-Hydroxyglutamate semialdehyde/L-Glutamate/DL-Glutamate; DL-Glutaminic acid; 2-Aminoglutaric acid; Glutamate$Reduced glutathione
C5-Branched dibasic acid metabolism	1	1	0.0872195613814	E614		
Glutamate metabolism	6	23	0.0887320393244	E290,E788,E493,E550,E17,E585	C00051,C00051,C00127,C00217/C05938/C00025/C00302,C00127,	Reduced glutathione$Reduced glutathione$Oxidized glutathione$D-Glutamate; D-Glutamic acid; D-Glutaminic acid; D-2-Aminoglutaric acid/L-4-Hydroxyglutamate semialdehyde/L-Glutamate/DL-Glutamate; DL-Glutaminic acid; 2-Aminoglutaric acid; Glutamate$Oxidized glutathione$
Keratan sulfate degradation	4	14	0.102596420469	E680,E582,E139,E726	C00795/C00221/C00095/C00267/C00031/C00137/C00738/C00962/C00247/C01582/C00984/C00936/C00159/C02336/C00293/C00124,C00795/C13747/C00221/C00095/C00267/C07480/C00031/C00137/C00738/C00962/CE5541/C00247/C01582/C00984/C00936/C00159/C02336/C00293/C00124,C00645/C01074/C00140/C01132,C00645/C01074/C00140/C01132	D-Tagatose; lyxo-Hexulose/beta-D-Glucose/D-Fructose/alpha-D-Glucose/D-Glucose/myo-Inositol/D-Hexose/beta-D-Galactose/L-Sorbose; L-xylo-Hexulose/Galactose/alpha-D-Galactose//D-Mannose/beta-D-Fructose; beta-Fruit sugar; beta-D-arabino-Hexulose; beta-Levulose; Fructose/Glucose/D-Galactose$D-Tagatose; lyxo-Hexulose/1,7-Dimethylxanthine; Paraxanthine/beta-D-Glucose/D-Fructose/alpha-D-Glucose//D-Glucose/myo-Inositol/D-Hexose/beta-D-Galactose/adrenochrome o-semiquinone/L-Sorbose; L-xylo-Hexulose/Galactose/alpha-D-Galactose//D-Mannose/beta-D-Fructose; beta-Fruit sugar; beta-D-arabino-Hexulose; beta-Levulose; Fructose/Glucose/D-Galactose$N-Acetyl-D-mannosamine; 2-Acetamido-2-deoxy-D-mannose/N-Acetylgalactosamine; N-Acetylchondrosamine; 2-Acetamido-2-deoxygalactose; GalNAc/N-Acetyl-D-glucosamine/N-Acetyl-D-galactosamine$N-Acetyl-D-mannosamine; 2-Acetamido-2-deoxy-D-mannose/N-Acetylgalactosamine; N-Acetylchondrosamine; 2-Acetamido-2-deoxygalactose; GalNAc/N-Acetyl-D-glucosamine/N-Acetyl-D-galactosamine
Starch and Sucrose Metabolism	4	14	0.102596420469	E610,E746,E582,E680	C01613/C02052,C05796/C00718,C00795/C13747/C00221/C00095/C00267/C07480/C00031/C00137/C00738/C00962/CE5541/C00247/C01582/C00984/C00936/C00159/C02336/C00293/C00124,C00795/C00221/C00095/C00267/C00031/C00137/C00738/C00962/C00247/C01582/C00984/C00936/C00159/C02336/C00293/C00124	Stachyose/Maltotetraose$Galactan/Amylose; Amylose chain; (1,4-alpha-D-Glucosyl)n; (1,4-alpha-D-Glucosyl)n+1; (1,4-alpha-D-Glucosyl)n-1; 4-{(1,4)-alpha-D-Glucosyl}(n-1)-D-glucose; 1,4-alpha-D-Glucan$D-Tagatose; lyxo-Hexulose/1,7-Dimethylxanthine; Paraxanthine/beta-D-Glucose/D-Fructose/alpha-D-Glucose//D-Glucose/myo-Inositol/D-Hexose/beta-D-Galactose/adrenochrome o-semiquinone/L-Sorbose; L-xylo-Hexulose/Galactose/alpha-D-Galactose//D-Mannose/beta-D-Fructose; beta-Fruit sugar; beta-D-arabino-Hexulose; beta-Levulose; Fructose/Glucose/D-Galactose$D-Tagatose; lyxo-Hexulose/beta-D-Glucose/D-Fructose/alpha-D-Glucose/D-Glucose/myo-Inositol/D-Hexose/beta-D-Galactose/L-Sorbose; L-xylo-Hexulose/Galactose/alpha-D-Galactose//D-Mannose/beta-D-Fructose; beta-Fruit sugar; beta-D-arabino-Hexulose; beta-Levulose; Fructose/Glucose/D-Galactose
Vitamin H (biotin) metabolism	2	5	0.104865137383	E231,E340	C00120,C00362/C00020	Biotin; D-Biotin; Vitamin H; Coenzyme R$dGMP/AMP
Aspartate and asparagine metabolism	14	68	0.122090580623	E290,E340,E788,E406,E196,E417,E201,E373,E493,E688,E550,E17,E267,E461	C00051,C00362/C00020,C00051,C01029/C00612,C00327,,C00402/C00049,C03740,C00127,CE5586/C00315,C00217/C05938/C00025/C00302,C00127,,C00792/C00062	Reduced glutathione$dGMP/AMP$Reduced glutathione$/N1-Acetylspermidine$L-Citrulline; 2-Amino-5-ureidovaleric acid; Citrulline$$D-Aspartate/L-Aspartate$5-L-Glutamyl-L-alanine$Oxidized glutathione$dehydrospermidine/Spermidine$D-Glutamate; D-Glutamic acid; D-Glutaminic acid; D-2-Aminoglutaric acid/L-4-Hydroxyglutamate semialdehyde/L-Glutamate/DL-Glutamate; DL-Glutaminic acid; 2-Aminoglutaric acid; Glutamate$Oxidized glutathione$$D-Arginine; D-2-Amino-5-guanidinovaleric acid/L-Arginine
Hyaluronan Metabolism	2	6	0.147466599445	E726,E139	C00645/C01074/C00140/C01132,C00645/C01074/C00140/C01132	N-Acetyl-D-mannosamine; 2-Acetamido-2-deoxy-D-mannose/N-Acetylgalactosamine; N-Acetylchondrosamine; 2-Acetamido-2-deoxygalactose; GalNAc/N-Acetyl-D-glucosamine/N-Acetyl-D-galactosamine$N-Acetyl-D-mannosamine; 2-Acetamido-2-deoxy-D-mannose/N-Acetylgalactosamine; N-Acetylchondrosamine; 2-Acetamido-2-deoxygalactose; GalNAc/N-Acetyl-D-glucosamine/N-Acetyl-D-galactosamine
Phytanic acid peroxisomal oxidation	2	6	0.147466599445	E340,E585	C00362/C00020,	dGMP/AMP$
Vitamin D3 (cholecalciferol) metabolism	1	2	0.171918326191	E440		
Alkaloid biosynthesis II	1	2	0.171918326191	E340	C00362/C00020	dGMP/AMP
Leukotriene metabolism	4	17	0.174943282077	E550,E290,E340,E788	C00217/C05938/C00025/C00302,C00051,C00362/C00020,C00051	D-Glutamate; D-Glutamic acid; D-Glutaminic acid; D-2-Aminoglutaric acid/L-4-Hydroxyglutamate semialdehyde/L-Glutamate/DL-Glutamate; DL-Glutaminic acid; 2-Aminoglutaric acid; Glutamate$Reduced glutathione$dGMP/AMP$Reduced glutathione
Beta-Alanine metabolism	4	17	0.174943282077	E474,E688,E201,E550	C00184/C00256/C00186/C01013/C00577,CE5586/C00315,C00402/C00049,C00217/C05938/C00025/C00302	Dihydroxyacetone/D-Lactate/L-Lactate/3-Hydroxypropanoate; 3-Hydroxypropanoic acid; 3-Hydroxypropionate; 3-Hydroxypropionic acid; Hydracrylic acid/D-Glyceraldehyde$dehydrospermidine/Spermidine$D-Aspartate/L-Aspartate$D-Glutamate; D-Glutamic acid; D-Glutaminic acid; D-2-Aminoglutaric acid/L-4-Hydroxyglutamate semialdehyde/L-Glutamate/DL-Glutamate; DL-Glutaminic acid; 2-Aminoglutaric acid; Glutamate
N-Glycan biosynthesis	3	12	0.181665406268	E189,E582,E680	C00128,C00795/C13747/C00221/C00095/C00267/C07480/C00031/C00137/C00738/C00962/CE5541/C00247/C01582/C00984/C00936/C00159/C02336/C00293/C00124,C00795/C00221/C00095/C00267/C00031/C00137/C00738/C00962/C00247/C01582/C00984/C00936/C00159/C02336/C00293/C00124	CMP-N-acetylneuraminate$D-Tagatose; lyxo-Hexulose/1,7-Dimethylxanthine; Paraxanthine/beta-D-Glucose/D-Fructose/alpha-D-Glucose//D-Glucose/myo-Inositol/D-Hexose/beta-D-Galactose/adrenochrome o-semiquinone/L-Sorbose; L-xylo-Hexulose/Galactose/alpha-D-Galactose//D-Mannose/beta-D-Fructose; beta-Fruit sugar; beta-D-arabino-Hexulose; beta-Levulose; Fructose/Glucose/D-Galactose$D-Tagatose; lyxo-Hexulose/beta-D-Glucose/D-Fructose/alpha-D-Glucose/D-Glucose/myo-Inositol/D-Hexose/beta-D-Galactose/L-Sorbose; L-xylo-Hexulose/Galactose/alpha-D-Galactose//D-Mannose/beta-D-Fructose; beta-Fruit sugar; beta-D-arabino-Hexulose; beta-Levulose; Fructose/Glucose/D-Galactose
Tyrosine metabolism	18	96	0.18242164524	E326,E290,E340,E676,E47,E327,E788,E582,E439,E283,E493,E93,E308,E550,E17,E263,E583,E190	,C00051,C00362/C00020,C06868/CE5627,CE5536,,C00051,C00795/C13747/C00221/C00095/C00267/C07480/C00031/C00137/C00738/C00962/CE5541/C00247/C01582/C00984/C00936/C00159/C02336/C00293/C00124,C03758,C03758,C00127,,C05589/C00788,C00217/C05938/C00025/C00302,C00127,C03758,C09642,	$Reduced glutathione$dGMP/AMP$Carbamazepine/salsoline-1-carboxylate$adrenochrome$$Reduced glutathione$D-Tagatose; lyxo-Hexulose/1,7-Dimethylxanthine; Paraxanthine/beta-D-Glucose/D-Fructose/alpha-D-Glucose//D-Glucose/myo-Inositol/D-Hexose/beta-D-Galactose/adrenochrome o-semiquinone/L-Sorbose; L-xylo-Hexulose/Galactose/alpha-D-Galactose//D-Mannose/beta-D-Fructose; beta-Fruit sugar; beta-D-arabino-Hexulose; beta-Levulose; Fructose/Glucose/D-Galactose$Dopamine$Dopamine$Oxidized glutathione$$L-Normetanephrine/L-Adrenaline; (R)-(-)-Adrenaline; (R)-(-)-Epinephrine; (R)-(-)-Epirenamine; (R)-(-)-Adnephrine; 4-[(1R)-1-Hydroxy-2-(methylamino)ethyl]-1,2-benzenediol$D-Glutamate; D-Glutamic acid; D-Glutaminic acid; D-2-Aminoglutaric acid/L-4-Hydroxyglutamate semialdehyde/L-Glutamate/DL-Glutamate; DL-Glutaminic acid; 2-Aminoglutaric acid; Glutamate$Oxidized glutathione$Dopamine$(-)-Salsolinol; 6,7-Isoquinolinediol, 1,2,3,4-tetrahydro-1-methyl-, (S)-; Salsolinol$
Nitrogen metabolism	2	7	0.188975716326	E201,E550	C00402/C00049,C00217/C05938/C00025/C00302	D-Aspartate/L-Aspartate$D-Glutamate; D-Glutamic acid; D-Glutaminic acid; D-2-Aminoglutaric acid/L-4-Hydroxyglutamate semialdehyde/L-Glutamate/DL-Glutamate; DL-Glutaminic acid; 2-Aminoglutaric acid; Glutamate
Histidine metabolism	5	23	0.191496512898	E5,E290,E340,E788,E550	C00785,C00051,C00362/C00020,C00051,C00217/C05938/C00025/C00302	Urocanate$Reduced glutathione$dGMP/AMP$Reduced glutathione$D-Glutamate; D-Glutamic acid; D-Glutaminic acid; D-2-Aminoglutaric acid/L-4-Hydroxyglutamate semialdehyde/L-Glutamate/DL-Glutamate; DL-Glutaminic acid; 2-Aminoglutaric acid; Glutamate
Arginine and Proline Metabolism	8	41	0.213427443072	E154,E196,E550,E201,E736,E121,E461,E585	C00147,C00327,C00217/C05938/C00025/C00302,C00402/C00049,C00147,C00170,C00792/C00062,	Adenine$L-Citrulline; 2-Amino-5-ureidovaleric acid; Citrulline$D-Glutamate; D-Glutamic acid; D-Glutaminic acid; D-2-Aminoglutaric acid/L-4-Hydroxyglutamate semialdehyde/L-Glutamate/DL-Glutamate; DL-Glutaminic acid; 2-Aminoglutaric acid; Glutamate$D-Aspartate/L-Aspartate$Adenine$5-Methylthioadenosine$D-Arginine; D-2-Amino-5-guanidinovaleric acid/L-Arginine$
Glycine, serine, alanine and threonine metabolism	9	48	0.232669523569	E290,E340,E285,E788,E792,E474,E550,E141,E461	C00051,C00362/C00020,C01005/C02532,C00051,,C00184/C00256/C00186/C01013/C00577,C00217/C05938/C00025/C00302,,C00792/C00062	Reduced glutathione$dGMP/AMP$O-Phospho-L-serine/D-O-Phosphoserine$Reduced glutathione$$Dihydroxyacetone/D-Lactate/L-Lactate/3-Hydroxypropanoate; 3-Hydroxypropanoic acid; 3-Hydroxypropionate; 3-Hydroxypropionic acid; Hydracrylic acid/D-Glyceraldehyde$D-Glutamate; D-Glutamic acid; D-Glutaminic acid; D-2-Aminoglutaric acid/L-4-Hydroxyglutamate semialdehyde/L-Glutamate/DL-Glutamate; DL-Glutaminic acid; 2-Aminoglutaric acid; Glutamate$$D-Arginine; D-2-Amino-5-guanidinovaleric acid/L-Arginine
CoA Catabolism	1	3	0.245441559533	E340	C00362/C00020	dGMP/AMP
Mono-unsaturated fatty acid beta-oxidation	1	3	0.245441559533	E340	C00362/C00020	dGMP/AMP
Di-unsaturated fatty acid beta-oxidation	1	3	0.245441559533	E340	C00362/C00020	dGMP/AMP
Ubiquinone Biosynthesis	1	3	0.245441559533	E340	C00362/C00020	dGMP/AMP
Glycolysis and Gluconeogenesis	5	26	0.25938996723	E86,E680,E340,E582,E474	C00074,C00795/C00221/C00095/C00267/C00031/C00137/C00738/C00962/C00247/C01582/C00984/C00936/C00159/C02336/C00293/C00124,C00362/C00020,C00795/C13747/C00221/C00095/C00267/C07480/C00031/C00137/C00738/C00962/CE5541/C00247/C01582/C00984/C00936/C00159/C02336/C00293/C00124,C00184/C00256/C00186/C01013/C00577	Phosphoenolpyruvate$D-Tagatose; lyxo-Hexulose/beta-D-Glucose/D-Fructose/alpha-D-Glucose/D-Glucose/myo-Inositol/D-Hexose/beta-D-Galactose/L-Sorbose; L-xylo-Hexulose/Galactose/alpha-D-Galactose//D-Mannose/beta-D-Fructose; beta-Fruit sugar; beta-D-arabino-Hexulose; beta-Levulose; Fructose/Glucose/D-Galactose$dGMP/AMP$D-Tagatose; lyxo-Hexulose/1,7-Dimethylxanthine; Paraxanthine/beta-D-Glucose/D-Fructose/alpha-D-Glucose//D-Glucose/myo-Inositol/D-Hexose/beta-D-Galactose/adrenochrome o-semiquinone/L-Sorbose; L-xylo-Hexulose/Galactose/alpha-D-Galactose//D-Mannose/beta-D-Fructose; beta-Fruit sugar; beta-D-arabino-Hexulose; beta-Levulose; Fructose/Glucose/D-Galactose$Dihydroxyacetone/D-Lactate/L-Lactate/3-Hydroxypropanoate; 3-Hydroxypropanoic acid; 3-Hydroxypropionate; 3-Hydroxypropionic acid; Hydracrylic acid/D-Glyceraldehyde
Selenoamino acid metabolism	3	15	0.275943198051	E340,E379,E54	C00362/C00020,,C00212/C00330	dGMP/AMP$$Adenosine/Deoxyguanosine
Urea cycle/amino group metabolism	11	64	0.310646164188	E729,E196,E550,E201,E47,E688,E308,E121,E402,E122,E461	C00624,C00327,C00217/C05938/C00025/C00302,C00402/C00049,CE5536,CE5586/C00315,C05589/C00788,C00170,,C05198/C00559,C00792/C00062	N-Acetyl-L-glutamate; N-Acetyl-L-glutamic acid$L-Citrulline; 2-Amino-5-ureidovaleric acid; Citrulline$D-Glutamate; D-Glutamic acid; D-Glutaminic acid; D-2-Aminoglutaric acid/L-4-Hydroxyglutamate semialdehyde/L-Glutamate/DL-Glutamate; DL-Glutaminic acid; 2-Aminoglutaric acid; Glutamate$D-Aspartate/L-Aspartate$adrenochrome$dehydrospermidine/Spermidine$L-Normetanephrine/L-Adrenaline; (R)-(-)-Adrenaline; (R)-(-)-Epinephrine; (R)-(-)-Epirenamine; (R)-(-)-Adnephrine; 4-[(1R)-1-Hydroxy-2-(methylamino)ethyl]-1,2-benzenediol$5-Methylthioadenosine$$5'-Deoxyadenosine/Deoxyadenosine$D-Arginine; D-2-Amino-5-guanidinovaleric acid/L-Arginine
Vitamin B1 (thiamin) metabolism	2	10	0.314343332493	E340,E304	C00362/C00020,C00378	dGMP/AMP$Thiamin
Vitamin B5 - CoA biosynthesis from pantothenate	1	4	0.31493151836	E340	C00362/C00020	dGMP/AMP
Fatty acid oxidation, peroxisome	1	4	0.31493151836	E585		
Prostaglandin formation from arachidonate	3	17	0.341820015125	E290,E340,E788	C00051,C00362/C00020,C00051	Reduced glutathione$dGMP/AMP$Reduced glutathione
Pyrimidine metabolism	7	42	0.348626165868	E340,E537,E201,E86,E448,E550,E310	C00362/C00020,C00239,C00402/C00049,C00074,C00364,C00217/C05938/C00025/C00302,CE0520/C05649/C01801	dGMP/AMP$dCMP$D-Aspartate/L-Aspartate$Phosphoenolpyruvate$dTMP$D-Glutamate; D-Glutamic acid; D-Glutaminic acid; D-2-Aminoglutaric acid/L-4-Hydroxyglutamate semialdehyde/L-Glutamate/DL-Glutamate; DL-Glutaminic acid; 2-Aminoglutaric acid; Glutamate$(R)-glycerol 1-acetate/Dihydropteridine; 6,7-Dihydropteridine/Deoxyribose
Androgen and estrogen biosynthesis and metabolism	2	11	0.350726829678	E290,E788	C00051,C00051	Reduced glutathione$Reduced glutathione
Omega-3 fatty acid metabolism	1	5	0.368540458785	E340	C00362/C00020	dGMP/AMP
Glycosphingolipid biosynthesis - lactoseries	1	5	0.368540458785	E189	C00128	CMP-N-acetylneuraminate
Blood Group Biosynthesis	1	5	0.368540458785	E189	C00128	CMP-N-acetylneuraminate
Lipoate metabolism	1	5	0.368540458785	E8	C02225/C04593/C00725	2-Methylcitrate; 2-Hydroxybutane-1,2,3-tricarboxylate; (2R,3S)-2-Hydroxybutane-1,2,3-tricarboxylate/(2S,3R)-3-Hydroxybutane-1,2,3-tricarboxylate; Methylisocitrate; Methylisocitric acid/Lipoate; Lipoic acid; alpha-Lipoic acid; Thioctic acid
Glycosphingolipid biosynthesis - neolactoseries	1	5	0.368540458785	E189	C00128	CMP-N-acetylneuraminate
D4&E4-neuroprostanes formation	1	5	0.368540458785	E209		
O-Glycan biosynthesis	1	5	0.368540458785	E189	C00128	CMP-N-acetylneuraminate
Fructose and mannose metabolism	3	18	0.368792538442	E680,E474,E582	C00795/C00221/C00095/C00267/C00031/C00137/C00738/C00962/C00247/C01582/C00984/C00936/C00159/C02336/C00293/C00124,C00184/C00256/C00186/C01013/C00577,C00795/C13747/C00221/C00095/C00267/C07480/C00031/C00137/C00738/C00962/CE5541/C00247/C01582/C00984/C00936/C00159/C02336/C00293/C00124	D-Tagatose; lyxo-Hexulose/beta-D-Glucose/D-Fructose/alpha-D-Glucose/D-Glucose/myo-Inositol/D-Hexose/beta-D-Galactose/L-Sorbose; L-xylo-Hexulose/Galactose/alpha-D-Galactose//D-Mannose/beta-D-Fructose; beta-Fruit sugar; beta-D-arabino-Hexulose; beta-Levulose; Fructose/Glucose/D-Galactose$Dihydroxyacetone/D-Lactate/L-Lactate/3-Hydroxypropanoate; 3-Hydroxypropanoic acid; 3-Hydroxypropionate; 3-Hydroxypropionic acid; Hydracrylic acid/D-Glyceraldehyde$D-Tagatose; lyxo-Hexulose/1,7-Dimethylxanthine; Paraxanthine/beta-D-Glucose/D-Fructose/alpha-D-Glucose//D-Glucose/myo-Inositol/D-Hexose/beta-D-Galactose/adrenochrome o-semiquinone/L-Sorbose; L-xylo-Hexulose/Galactose/alpha-D-Galactose//D-Mannose/beta-D-Fructose; beta-Fruit sugar; beta-D-arabino-Hexulose; beta-Levulose; Fructose/Glucose/D-Galactose
TCA cycle	2	12	0.384421477187	E86,E585	C00074,	Phosphoenolpyruvate$
Fatty acid activation	2	12	0.384421477187	E396,E340	tetpent6/tetpent3/CE4839,C00362/C00020	tetracosapentaenoic acid, n-6/tetracosapentaenoic acid, n-3/6,9,12,15,18-all-cis-tetracosapentaenoate$dGMP/AMP
Bile acid biosynthesis	2	13	0.417443912276	E340,E440	C00362/C00020,	dGMP/AMP$
Squalene and cholesterol biosynthesis	1	6	0.419124443324	E246		
Keratan sulfate biosynthesis	1	6	0.419124443324	E189	C00128	CMP-N-acetylneuraminate
Carbon fixation	2	14	0.446349046299	E86,E201	C00074,C00402/C00049	Phosphoenolpyruvate$D-Aspartate/L-Aspartate
Butanoate metabolism	3	21	0.447525418032	E550,E340,E585	C00217/C05938/C00025/C00302,C00362/C00020,	D-Glutamate; D-Glutamic acid; D-Glutaminic acid; D-2-Aminoglutaric acid/L-4-Hydroxyglutamate semialdehyde/L-Glutamate/DL-Glutamate; DL-Glutaminic acid; 2-Aminoglutaric acid; Glutamate$dGMP/AMP$
Parathio degradation	1	7	0.455844046719	E776		
Caffeine metabolism	1	7	0.455844046719	E582	C00795/C13747/C00221/C00095/C00267/C07480/C00031/C00137/C00738/C00962/CE5541/C00247/C01582/C00984/C00936/C00159/C02336/C00293/C00124	D-Tagatose; lyxo-Hexulose/1,7-Dimethylxanthine; Paraxanthine/beta-D-Glucose/D-Fructose/alpha-D-Glucose//D-Glucose/myo-Inositol/D-Hexose/beta-D-Galactose/adrenochrome o-semiquinone/L-Sorbose; L-xylo-Hexulose/Galactose/alpha-D-Galactose//D-Mannose/beta-D-Fructose; beta-Fruit sugar; beta-D-arabino-Hexulose; beta-Levulose; Fructose/Glucose/D-Galactose
Valine, leucine and isoleucine degradation	3	22	0.466935551634	E585,E340,E550	,C00362/C00020,C00217/C05938/C00025/C00302	$dGMP/AMP$D-Glutamate; D-Glutamic acid; D-Glutaminic acid; D-2-Aminoglutaric acid/L-4-Hydroxyglutamate semialdehyde/L-Glutamate/DL-Glutamate; DL-Glutaminic acid; 2-Aminoglutaric acid; Glutamate
De novo fatty acid biosynthesis	1	8	0.486513738341	E340	C00362/C00020	dGMP/AMP
Fatty Acid Metabolism	1	8	0.486513738341	E267		
Saturated fatty acids beta-oxidation	1	8	0.486513738341	E170	C02990	L-Palmitoylcarnitine
Biopterin metabolism	1	9	0.511553650954	E778		
Phosphatidylinositol phosphate metabolism	2	18	0.523653474498	E680,E582	C00795/C00221/C00095/C00267/C00031/C00137/C00738/C00962/C00247/C01582/C00984/C00936/C00159/C02336/C00293/C00124,C00795/C13747/C00221/C00095/C00267/C07480/C00031/C00137/C00738/C00962/CE5541/C00247/C01582/C00984/C00936/C00159/C02336/C00293/C00124	D-Tagatose; lyxo-Hexulose/beta-D-Glucose/D-Fructose/alpha-D-Glucose/D-Glucose/myo-Inositol/D-Hexose/beta-D-Galactose/L-Sorbose; L-xylo-Hexulose/Galactose/alpha-D-Galactose//D-Mannose/beta-D-Fructose; beta-Fruit sugar; beta-D-arabino-Hexulose; beta-Levulose; Fructose/Glucose/D-Galactose$D-Tagatose; lyxo-Hexulose/1,7-Dimethylxanthine; Paraxanthine/beta-D-Glucose/D-Fructose/alpha-D-Glucose//D-Glucose/myo-Inositol/D-Hexose/beta-D-Galactose/adrenochrome o-semiquinone/L-Sorbose; L-xylo-Hexulose/Galactose/alpha-D-Galactose//D-Mannose/beta-D-Fructose; beta-Fruit sugar; beta-D-arabino-Hexulose; beta-Levulose; Fructose/Glucose/D-Galactose
Vitamin A (retinol) metabolism	1	10	0.529031173851	E340	C00362/C00020	dGMP/AMP
Vitamin B6 (pyridoxine) metabolism	1	10	0.529031173851	E333		
Pentose and Glucuronate Interconversions	1	10	0.529031173851	E453		
Drug metabolism - other enzymes	1	10	0.529031173851	E161		
Linoleate metabolism	4	38	0.560961263759	E17,E493,E290,E788	C00127,C00127,C00051,C00051	Oxidized glutathione$Oxidized glutathione$Reduced glutathione$Reduced glutathione
Porphyrin metabolism	1	13	0.563902193093	E480	C05520/C01042/C01045	2-Amino-3-oxoadipate; 2-Amino-3-oxohexanedioic acid/N-Acetyl-L-aspartate/N-Formyl-L-glutamate
Lysine metabolism	3	39	0.589782371229	E585,E340,E550	,C00362/C00020,C00217/C05938/C00025/C00302	$dGMP/AMP$D-Glutamate; D-Glutamic acid; D-Glutaminic acid; D-2-Aminoglutaric acid/L-4-Hydroxyglutamate semialdehyde/L-Glutamate/DL-Glutamate; DL-Glutaminic acid; 2-Aminoglutaric acid; Glutamate
Xenobiotics metabolism	5	59	0.592555247458	E58,E290,E71,E428,E788	,C00051,,,C00051	$Reduced glutathione$$$Reduced glutathione
Glycosaminoglycan degradation	0	0	0.596252415763			
Fatty acid oxidation	0	0	0.596252415763			
ROS Detoxification	0	0	0.596252415763			
Glycerolipid metabolism	0	0	0.596252415763			
3-oxo-10R-octadecatrienoate beta-oxidation	0	2	0.596252415763			
Glycosylphosphatidylinositol(GPI)-anchor biosynthesis	0	2	0.596252415763			
Electron transport chain	0	0	0.596252415763			
Heparan sulfate biosynthesis	0	0	0.596252415763			
Glyoxylate and Dicarboxylate Metabolism	0	6	0.596252415763			
Geraniol degradation	0	0	0.596252415763			
Vitamin D	0	0	0.596252415763			
Dynorphin metabolism	0	1	0.596252415763			
Polyunsaturated fatty acid biosynthesis	0	0	0.596252415763			
R Group Synthesis	0	0	0.596252415763			
3-Chloroacrylic acid degradation	0	1	0.596252415763			
Sphingolipid metabolism	0	1	0.596252415763			
Limonene and pinene degradation	0	9	0.596252415763			
Proteoglycan biosynthesis	0	3	0.596252415763			
Vitamin K metabolism	0	0	0.596252415763			
Benzoate degradation via CoA ligation	0	3	0.596252415763			
Trihydroxycoprostanoyl-CoA beta-oxidation	0	0	0.596252415763			
Dimethyl-branched-chain fatty acid mitochondrial beta-oxidation	0	5	0.596252415763			
Atrazine degradation	0	0	0.596252415763			
Vitamin B12 (cyanocobalamin) metabolism	0	0	0.596252415763			
Nucleotide Sugar Metabolism	0	2	0.596252415763			
1- and 2-Methylnaphthalene degradation	0	2	0.596252415763			
Prostaglandin formation from dihomo gama-linoleic acid	0	4	0.596252415763			
C21-steroid hormone biosynthesis and metabolism	0	9	0.596252415763			
